-- MySQL dump 10.13  Distrib 5.7.26, for Win64 (x86_64)
--
-- Host: 127.0.0.1    Database: pos_system
-- ------------------------------------------------------
-- Server version	5.7.26-log

/*!40101 SET @OLD_CHARACTER_SET_CLIENT=@@CHARACTER_SET_CLIENT */;
/*!40101 SET @OLD_CHARACTER_SET_RESULTS=@@CHARACTER_SET_RESULTS */;
/*!40101 SET @OLD_COLLATION_CONNECTION=@@COLLATION_CONNECTION */;
/*!40101 SET NAMES utf8 */;
/*!40103 SET @OLD_TIME_ZONE=@@TIME_ZONE */;
/*!40103 SET TIME_ZONE='+00:00' */;
/*!40014 SET @OLD_UNIQUE_CHECKS=@@UNIQUE_CHECKS, UNIQUE_CHECKS=0 */;
/*!40014 SET @OLD_FOREIGN_KEY_CHECKS=@@FOREIGN_KEY_CHECKS, FOREIGN_KEY_CHECKS=0 */;
/*!40101 SET @OLD_SQL_MODE=@@SQL_MODE, SQL_MODE='NO_AUTO_VALUE_ON_ZERO' */;
/*!40111 SET @OLD_SQL_NOTES=@@SQL_NOTES, SQL_NOTES=0 */;

--
-- Table structure for table `address`
--

DROP TABLE IF EXISTS `address`;
/*!40101 SET @saved_cs_client     = @@character_set_client */;
/*!40101 SET character_set_client = utf8 */;
CREATE TABLE `address` (
  `id` bigint(20) NOT NULL COMMENT 'id',
  `contacts` varchar(255) COLLATE utf8_unicode_ci NOT NULL COMMENT '联系人',
  `user_id` bigint(20) NOT NULL COMMENT '用户',
  `phone` bigint(20) NOT NULL COMMENT '手机号',
  `addr` varchar(255) COLLATE utf8_unicode_ci NOT NULL COMMENT '地址',
  `common_addr` varchar(255) COLLATE utf8_unicode_ci DEFAULT '' COMMENT '备注',
  `is_deleted` int(11) DEFAULT '0',
  PRIMARY KEY (`id`)
) ENGINE=InnoDB DEFAULT CHARSET=utf8 COLLATE=utf8_unicode_ci COMMENT='地址';
/*!40101 SET character_set_client = @saved_cs_client */;

--
-- Dumping data for table `address`
--

LOCK TABLES `address` WRITE;
/*!40000 ALTER TABLE `address` DISABLE KEYS */;
INSERT INTO `address` (`id`, `contacts`, `user_id`, `phone`, `addr`, `common_addr`, `is_deleted`) VALUES (211945238,'wxx',1516266972432617473,13556242528,'广东省广州市白云区','ccxfgsfgv',0),(299893105,'vxgz',1516266972432617473,12545252515,'广东省121212121','54121212',0),(832226831,'1212',1516266972432617473,1212212,'1212121212121212','2121',0),(1137998065,'121212',1516266972432617473,454545454,'454545454444444444','78787878',0),(1397212152,'',0,0,'','',0),(1651637828,'sss',1515988049660518401,111,'sss','sss',0),(1515988049660518401,'fishhead',1515988049660518401,12345678901,'广东省广州市广州应用科技学院','',0),(1525749632586571778,'',0,0,'','',0),(1525749927769104386,'1212',1515988049660518401,13566362425,'121212121212','xxxx',0),(1525749969259159553,'1212',1515988049660518401,13566362425,'121212121212','xxxx',0),(1525754789042970626,'语言',1515988049660518401,131122814400,'广东省广州市增城区','xxxx',0),(1526219741544189953,'fdfdf',7837383,72738838,'ffddfd','fddfdff',1),(1526582379839131650,'fishhead',1525715235237842946,18312604195,'广东省广州增城','松田',0),(1526583957103026177,'fishhead',1525715235237842946,12345678901,'广东广州增城','松田',0),(1526748196506816514,'程',1526747586411745281,13543195357,'广东省广州市增城区','广州应用科技学院',0),(1528273462808825858,'柯先生',1525715235237842946,15485841555,'广东省广州市天河区','海关换手机届时将会是',0),(1529062844646051842,'F',1525715235237842946,11111111111,'FGGFGGFGG','F',1),(1529063248842739714,'',1525715235237842946,11111111111,'','',1),(1531182014341320706,'',1515988049660518401,1233456787,'广东省汕头市','朝阳区',1),(1531248020157366274,'1212121211',1525715235237842946,111111,'121211212','1111',1),(1531248722590040065,'1212',1525715235237842946,12122,'1212112121212','1222222',1),(1531291916077891585,'asdsd',1525715235237842946,13128814111,'广东广州天河','珠江商城',0),(1531292164980473858,'aaaa',1525715235237842946,131288141111,'广东天河白云','吴江',0);
/*!40000 ALTER TABLE `address` ENABLE KEYS */;
UNLOCK TABLES;

--
-- Table structure for table `category`
--

DROP TABLE IF EXISTS `category`;
/*!40101 SET @saved_cs_client     = @@character_set_client */;
/*!40101 SET character_set_client = utf8 */;
CREATE TABLE `category` (
  `id` bigint(20) NOT NULL COMMENT 'id',
  `category_name` varchar(255) COLLATE utf8_unicode_ci NOT NULL COMMENT '类型名称',
  `is_deleted` int(11) DEFAULT '0',
  `img` varchar(255) COLLATE utf8_unicode_ci DEFAULT NULL,
  PRIMARY KEY (`id`)
) ENGINE=InnoDB DEFAULT CHARSET=utf8 COLLATE=utf8_unicode_ci COMMENT='产品类型';
/*!40101 SET character_set_client = @saved_cs_client */;

--
-- Dumping data for table `category`
--

LOCK TABLES `category` WRITE;
/*!40000 ALTER TABLE `category` DISABLE KEYS */;
INSERT INTO `category` (`id`, `category_name`, `is_deleted`, `img`) VALUES (1515994016979562497,'小吃',0,'veg-1.png'),(1515994233686618114,'饮料',0,'s-1.png'),(1515994386602622978,'咖啡',0,'coffe-1.png'),(1564810035554877441,'花椒2',1,'veg-2.png');
/*!40000 ALTER TABLE `category` ENABLE KEYS */;
UNLOCK TABLES;

--
-- Table structure for table `collect`
--

DROP TABLE IF EXISTS `collect`;
/*!40101 SET @saved_cs_client     = @@character_set_client */;
/*!40101 SET character_set_client = utf8 */;
CREATE TABLE `collect` (
  `id` bigint(20) NOT NULL COMMENT 'id',
  `user_id` bigint(20) NOT NULL COMMENT 'userId',
  `product_id` bigint(20) NOT NULL COMMENT 'productId',
  PRIMARY KEY (`id`)
) ENGINE=InnoDB DEFAULT CHARSET=utf8 COLLATE=utf8_unicode_ci COMMENT='收藏菜品';
/*!40101 SET character_set_client = @saved_cs_client */;

--
-- Dumping data for table `collect`
--

LOCK TABLES `collect` WRITE;
/*!40000 ALTER TABLE `collect` DISABLE KEYS */;
INSERT INTO `collect` (`id`, `user_id`, `product_id`) VALUES (1531290234074472449,1525715235237842946,1515995461157194753),(1548205630000893954,1525715235237842946,1515996711157564753),(1548209942936567809,1515988049660518401,1515996711157564753),(1571405971882119170,1515988049660518401,5415996713157194753);
/*!40000 ALTER TABLE `collect` ENABLE KEYS */;
UNLOCK TABLES;

--
-- Table structure for table `order_item`
--

DROP TABLE IF EXISTS `order_item`;
/*!40101 SET @saved_cs_client     = @@character_set_client */;
/*!40101 SET character_set_client = utf8 */;
CREATE TABLE `order_item` (
  `id` bigint(20) NOT NULL COMMENT 'id',
  `order_id` bigint(20) NOT NULL COMMENT '父订单id',
  `product_id` bigint(20) NOT NULL COMMENT '产品id',
  `product_name` varchar(255) COLLATE utf8_unicode_ci NOT NULL COMMENT '产品名称',
  `product_img` varchar(255) COLLATE utf8_unicode_ci NOT NULL COMMENT '图片',
  `product_price` decimal(10,0) NOT NULL COMMENT '产品价格',
  `buy_counts` int(11) NOT NULL COMMENT '数量',
  `total_amount` decimal(10,0) DEFAULT NULL COMMENT '实际价格',
  `create_time` datetime DEFAULT CURRENT_TIMESTAMP COMMENT '创建时间',
  PRIMARY KEY (`id`)
) ENGINE=InnoDB DEFAULT CHARSET=utf8 COLLATE=utf8_unicode_ci COMMENT='订单项';
/*!40101 SET character_set_client = @saved_cs_client */;

--
-- Dumping data for table `order_item`
--

LOCK TABLES `order_item` WRITE;
/*!40000 ALTER TABLE `order_item` DISABLE KEYS */;
INSERT INTO `order_item` (`id`, `order_id`, `product_id`, `product_name`, `product_img`, `product_price`, `buy_counts`, `total_amount`, `create_time`) VALUES (1517094701192151042,1517094700630114306,1515996711157194753,'水果沙拉拼盘','veg-1.png',11,1,11,'2022-04-21 10:55:38'),(1518608337286983682,1518608336896913409,1515996711152494753,'黑蒸煮咖啡','coffe-3.png',21,3,63,'2022-04-25 15:10:17'),(1518608337698025473,1518608336896913409,1515996713157192453,'牛排套餐','veg-1.png',28,1,28,'2022-04-25 15:10:17'),(1521845650629599234,1521845650495381505,5415996713157194753,'薯条鸡肉粒套餐','veg-6.png',25,1,25,'2022-05-04 13:34:12'),(1521845650893840385,1521845650495381505,1515996713157192453,'牛排套餐','veg-1.png',28,1,28,'2022-05-04 13:34:12'),(1525648251280277505,1525648251078950913,1515996713157192453,'牛排套餐','veg-1.png',28,1,28,'2022-05-15 01:24:23'),(1525648251536130050,1525648251078950913,5415996713157194753,'薯条鸡肉粒套餐','veg-6.png',25,1,25,'2022-05-15 01:24:23'),(1525648472487870465,1525648472294932482,5415996713157194753,'薯条鸡肉粒套餐','veg-6.png',25,1,25,'2022-05-15 01:25:16'),(1525648472756305922,1525648472294932482,1215996713157194753,'土豆泥','veg-0.png',21,1,21,'2022-05-15 01:25:16'),(1525649261629390850,1525649261432258562,1515996713157192453,'牛排套餐','veg-1.png',28,1,28,'2022-05-15 01:28:24'),(1525649261822328834,1525649261432258562,5415996713157194753,'薯条鸡肉粒套餐','veg-6.png',25,1,25,'2022-05-15 01:28:24'),(1525762375904329730,1525762375505870849,1515996711152494753,'黑蒸煮咖啡','coffe-3.png',21,1,21,'2022-05-15 08:57:52'),(1525762376361508866,1525762375505870849,5415996713157194753,'薯条鸡肉粒套餐','veg-6.png',25,1,25,'2022-05-15 08:57:52'),(1525767624459231233,1525767624064966658,1515996713157192453,'牛排套餐','veg-1.png',28,1,28,'2022-05-15 09:18:44'),(1525767625042239489,1525767624064966658,1515995461157194753,'卡布奇诺','coffe-5.png',23,1,23,'2022-05-15 09:18:44'),(1525771909863448577,1525771909532098562,1215996713157194753,'土豆泥','veg-0.png',21,1,21,'2022-05-15 09:35:45'),(1525771910450651137,1525771909532098562,1515996711152494753,'黑蒸煮咖啡','coffe-3.png',21,1,21,'2022-05-15 09:35:45'),(1525839856359391233,1525839855839297538,1515996713157192453,'牛排套餐','veg-1.png',28,1,28,'2022-05-15 14:05:45'),(1525840588634537985,1525840588378685442,1512396713157194753,'果子拼盘','s-1.png',25,1,25,'2022-05-15 14:08:40'),(1526221147362865154,1526221147169927169,1515996713157192453,'牛排套餐','veg-1.png',28,2,56,'2022-05-16 15:20:52'),(1526221147559997441,1526221147169927169,5415996713157194753,'薯条鸡肉粒套餐','veg-6.png',25,1,25,'2022-05-16 15:20:52'),(1526541559215857665,1526541558821593089,5415996713157194753,'薯条鸡肉粒套餐','veg-6.png',25,1,25,'2022-05-17 12:34:04'),(1526541560004386817,1526541558821593089,1515996713157194753,'雪顶咖啡','coffe-1.png',14,1,14,'2022-05-17 12:34:04'),(1526543574138527745,1526543573815566338,1515996711157564753,'浓缩咖啡','coffe-4.png',17,1,17,'2022-05-17 12:42:04'),(1526543574595706882,1526543573815566338,1215996713157194753,'土豆泥','veg-0.png',21,1,21,'2022-05-17 12:42:05'),(1526560755861561345,1526560752984268802,1515995461157194753,'卡布奇诺','coffe-5.png',23,1,23,'2022-05-17 13:50:20'),(1526560759305084929,1526560752984268802,5415996713157194753,'薯条鸡肉粒套餐','veg-6.png',25,1,25,'2022-05-17 13:50:21'),(1526574475543191553,1526574475115372546,1515995461157194753,'卡布奇诺','coffe-5.png',23,1,23,'2022-05-17 14:44:52'),(1526574476004564993,1526574475115372546,1215996713157194753,'土豆泥','veg-0.png',21,1,21,'2022-05-17 14:44:52'),(1526747705961992193,1526747705773248514,1515996713157192453,'牛排套餐','veg-1.png',28,1,28,'2022-05-18 02:13:13'),(1526747706096209922,1526747705773248514,5415996713157194753,'薯条鸡肉粒套餐','veg-6.png',25,1,25,'2022-05-18 02:13:13'),(1526748584601571330,1526748584400244738,5415996713157194753,'薯条鸡肉粒套餐','veg-6.png',25,1,25,'2022-05-18 02:16:43'),(1526748584798703618,1526748584400244738,1512396713157194753,'果子拼盘','s-1.png',25,1,25,'2022-05-18 02:16:43'),(1526748585000030210,1526748584400244738,1515996711152494753,'黑蒸煮咖啡','coffe-3.png',21,1,21,'2022-05-18 02:16:43'),(1526749580320874497,1526749580106964993,5415996713157194753,'薯条鸡肉粒套餐','veg-6.png',25,2,50,'2022-05-18 02:20:40'),(1526749580559949825,1526749580106964993,1515996713157192453,'牛排套餐','veg-1.png',28,1,28,'2022-05-18 02:20:40'),(1526749580752887809,1526749580106964993,1515995461157194753,'卡布奇诺','coffe-5.png',23,1,23,'2022-05-18 02:20:40'),(1526754922572349441,1526754922245193730,1515996713157192453,'牛排套餐','veg-1.png',28,1,28,'2022-05-18 02:41:54'),(1526754922769481730,1526754922245193730,5415996713157194753,'薯条鸡肉粒套餐','veg-6.png',25,1,25,'2022-05-18 02:41:54'),(1526754922970808322,1526754922245193730,1512396713157194753,'果子拼盘','s-1.png',25,1,25,'2022-05-18 02:41:54'),(1526754923167940610,1526754922245193730,1515996711152494753,'黑蒸煮咖啡','coffe-3.png',21,1,21,'2022-05-18 02:41:54'),(1526754923432181762,1526754922245193730,1215996713157194753,'土豆泥','veg-0.png',21,1,21,'2022-05-18 02:41:54'),(1526754923625119745,1526754922245193730,1515995461157194753,'卡布奇诺','coffe-5.png',23,1,23,'2022-05-18 02:41:54'),(1526756092250472449,1526756091961065474,1515996713157192453,'牛排套餐','veg-1.png',28,1,28,'2022-05-18 02:46:33'),(1526756092447604737,1526756091961065474,5415996713157194753,'薯条鸡肉粒套餐','veg-6.png',25,1,25,'2022-05-18 02:46:33'),(1526756092711845890,1526756091961065474,1215996713157194753,'土豆泥','veg-0.png',21,1,21,'2022-05-18 02:46:33'),(1526756092967698433,1526756091961065474,1515996711152494753,'黑蒸煮咖啡','coffe-3.png',21,1,21,'2022-05-18 02:46:33'),(1526757452748472321,1526757452555534338,1512396713157194753,'果子拼盘','s-1.png',25,1,25,'2022-05-18 02:51:57'),(1526757453008519170,1526757452555534338,5415996713157194753,'薯条鸡肉粒套餐','veg-6.png',25,1,25,'2022-05-18 02:51:57'),(1526757453209845762,1526757452555534338,1515996713157192453,'牛排套餐','veg-1.png',28,1,28,'2022-05-18 02:51:57'),(1526757578825056258,1526757578372071425,1515996713157192453,'牛排套餐','veg-1.png',28,1,28,'2022-05-18 02:52:27'),(1526757579085103105,1526757578372071425,5415996713157194753,'薯条鸡肉粒套餐','veg-6.png',25,1,25,'2022-05-18 02:52:27'),(1526757579282235393,1526757578372071425,1512396713157194753,'果子拼盘','s-1.png',25,1,25,'2022-05-18 02:52:27'),(1526757579475173377,1526757578372071425,1515996711152494753,'黑蒸煮咖啡','coffe-3.png',21,1,21,'2022-05-18 02:52:27'),(1526757579676499970,1526757578372071425,1215996713157194753,'土豆泥','veg-0.png',21,1,21,'2022-05-18 02:52:27'),(1526757579873632257,1526757578372071425,1515995461157194753,'卡布奇诺','coffe-5.png',23,1,23,'2022-05-18 02:52:27'),(1526757580070764545,1526757578372071425,4315996713157194753,'紫薯面包套餐','veg-3.png',19,1,19,'2022-05-18 02:52:27'),(1526757580263702530,1526757578372071425,1515996711157564753,'浓缩咖啡','coffe-4.png',17,1,17,'2022-05-18 02:52:27'),(1526757580460834818,1526757578372071425,1515996713112194753,'橙汁','s-2.png',16,1,16,'2022-05-18 02:52:27'),(1527103132226674689,1527103131832410113,1515996713157192453,'牛排套餐','veg-1.png',28,1,28,'2022-05-19 01:45:34'),(1527103132553830401,1527103131832410113,1512396713157194753,'果子拼盘','s-1.png',25,1,25,'2022-05-19 01:45:34'),(1527103132885180417,1527103131832410113,1515996713157194753,'雪顶咖啡','coffe-1.png',14,1,14,'2022-05-19 01:45:34'),(1527919724499849217,1527919724202053633,1512396713157194753,'果子拼盘','s-1.png',25,1,25,'2022-05-21 07:50:24'),(1527919724655038465,1527919724202053633,5415996713157194753,'薯条鸡肉粒套餐','veg-6.png',25,1,25,'2022-05-21 07:50:24'),(1527919724776673281,1527919724202053633,1215996713157194753,'土豆泥','veg-0.png',21,1,21,'2022-05-21 07:50:24'),(1527919724910891009,1527919724202053633,1515996711152494753,'黑蒸煮咖啡','coffe-3.png',21,1,21,'2022-05-21 07:50:24'),(1527919725070274562,1527919724202053633,1515996713112194753,'橙汁','s-2.png',16,1,16,'2022-05-21 07:50:24'),(1527919725246435330,1527919724202053633,1515996711157564753,'浓缩咖啡','coffe-4.png',17,1,17,'2022-05-21 07:50:24'),(1527919725359681538,1527919724202053633,4315996713157194753,'紫薯面包套餐','veg-3.png',19,1,19,'2022-05-21 07:50:24'),(1528292105890320385,1528292105609302017,5415996713157194753,'薯条鸡肉粒套餐','veg-6.png',25,2,50,'2022-05-22 08:30:07'),(1528292105999372289,1528292105609302017,1215996713157194753,'土豆泥','veg-0.png',21,2,42,'2022-05-22 08:30:07'),(1528292106095841281,1528292105609302017,1515996713157192453,'牛排套餐','veg-1.png',28,1,28,'2022-05-22 08:30:07'),(1528292106188115970,1528292105609302017,1515996711152494753,'黑蒸煮咖啡','coffe-3.png',21,2,42,'2022-05-22 08:30:07'),(1528292106276196353,1528292105609302017,1512396713157194753,'果子拼盘','s-1.png',25,1,25,'2022-05-22 08:30:07'),(1528292106372665345,1528292105609302017,1515996713112194753,'橙汁','s-2.png',16,1,16,'2022-05-22 08:30:07'),(1528292106464940033,1528292105609302017,1515996713157123753,'椰汁','s-3.png',14,1,14,'2022-05-22 08:30:07'),(1528292106557214722,1528292105609302017,1515995461157194753,'卡布奇诺','coffe-5.png',23,1,23,'2022-05-22 08:30:07'),(1528292106670460930,1528292105609302017,1515996711157564753,'浓缩咖啡','coffe-4.png',17,1,17,'2022-05-22 08:30:07'),(1528292106800484353,1528292105609302017,1515996713157194753,'雪顶咖啡','coffe-1.png',14,1,14,'2022-05-22 08:30:07'),(1528292106901147649,1528292105609302017,1515996451157194753,'焦糖咖啡','coffe-2.png',15,1,15,'2022-05-22 08:30:07'),(1528293149533818881,1528293149462515713,1515995461157194753,'卡布奇诺','coffe-5.png',23,1,23,'2022-05-22 08:34:16'),(1528293169976856578,1528293169930719233,1215996713157194753,'土豆泥','veg-0.png',21,1,21,'2022-05-22 08:34:21'),(1528293190755438594,1528293190705106946,1515996711152494753,'黑蒸煮咖啡','coffe-3.png',21,1,21,'2022-05-22 08:34:26'),(1528293228000858114,1528293227946332161,1515996711152494753,'黑蒸煮咖啡','coffe-3.png',21,5,105,'2022-05-22 08:34:35'),(1528293247294656514,1528293247244324866,1515996711157564753,'浓缩咖啡','coffe-4.png',17,1,17,'2022-05-22 08:34:39'),(1528714992719777793,1528714992640086017,1512396713157194753,'果子拼盘','s-1.png',25,1,25,'2022-05-23 12:30:31'),(1528714992820441089,1528714992640086017,1515996711152494753,'黑蒸煮咖啡','coffe-3.png',21,1,21,'2022-05-23 12:30:31'),(1529711282282844162,1529711282131849217,1515995461157194753,'卡布奇诺','coffe-5.png',23,6,138,'2022-05-26 06:29:25'),(1529711282362535938,1529711282131849217,1215996713157194753,'土豆泥','veg-0.png',21,17,357,'2022-05-26 06:29:25'),(1529711282446422017,1529711282131849217,1515996711157564753,'浓缩咖啡','coffe-4.png',17,2,34,'2022-05-26 06:29:25'),(1529711282521919489,1529711282131849217,4315996713157194753,'紫薯面包套餐','veg-3.png',19,1,19,'2022-05-26 06:29:25'),(1529711282597416961,1529711282131849217,1515996713112194753,'橙汁','s-2.png',16,3,48,'2022-05-26 06:29:25'),(1529711282672914434,1529711282131849217,1515996711152494753,'黑蒸煮咖啡','coffe-3.png',21,2,42,'2022-05-26 06:29:25'),(1529711282748411906,1529711282131849217,1515996713157192453,'牛排套餐','veg-1.png',28,5,140,'2022-05-26 06:29:25'),(1531239521108090882,1531239520130818049,1512396713157194753,'果子拼盘','s-1.png',25,1,25,'2022-05-30 11:42:05'),(1531239521636573185,1531239520130818049,1515996713112194753,'橙汁','s-2.png',16,1,16,'2022-05-30 11:42:05'),(1531239522152472578,1531239520130818049,1515996711157564753,'浓缩咖啡','coffe-4.png',17,4,68,'2022-05-30 11:42:05'),(1531239522676760577,1531239520130818049,1215996713157194753,'土豆泥','veg-0.png',21,2,42,'2022-05-30 11:42:05'),(1531239523331072001,1531239520130818049,1515995461157194753,'卡布奇诺','coffe-5.png',23,3,69,'2022-05-30 11:42:05'),(1531240133476474881,1531240133149319169,5415996713157194753,'薯条鸡肉粒套餐','veg-6.png',25,1,25,'2022-05-30 11:44:31'),(1548209977334054913,1548209977334054914,1515996711157564753,'浓缩咖啡','coffe-4.png',17,1,17,'2022-07-16 07:36:38'),(1548209977396969473,1548209977334054914,4315996713157194753,'紫薯面包套餐','veg-3.png',19,1,19,'2022-07-16 07:36:38'),(1548209977396969474,1548209977334054914,1515995461157194753,'卡布奇诺','coffe-5.png',23,1,23,'2022-07-16 07:36:38'),(1571406038479278081,1571406038412169218,5415996713157194753,'薯条鸡肉粒套餐','veg-6.png',25,1,25,'2022-09-18 07:49:30'),(1571406038613495809,1571406038412169218,1512396713157194753,'果子拼盘','s-1.png',25,1,25,'2022-09-18 07:49:30');
/*!40000 ALTER TABLE `order_item` ENABLE KEYS */;
UNLOCK TABLES;

--
-- Table structure for table `orders`
--

DROP TABLE IF EXISTS `orders`;
/*!40101 SET @saved_cs_client     = @@character_set_client */;
/*!40101 SET character_set_client = utf8 */;
CREATE TABLE `orders` (
  `id` bigint(20) NOT NULL COMMENT 'id',
  `user_id` bigint(20) NOT NULL COMMENT '用户',
  `receiver_name` varchar(255) COLLATE utf8_unicode_ci NOT NULL COMMENT '接收人',
  `receiver_phone` varchar(255) COLLATE utf8_unicode_ci DEFAULT NULL COMMENT '手机号',
  `receiver_addr` varchar(255) COLLATE utf8_unicode_ci NOT NULL COMMENT '接收地址',
  `total_amount` decimal(10,0) NOT NULL COMMENT '实际价格',
  `pay_type` int(11) DEFAULT '0' COMMENT '支付类型',
  `order_mark` int(11) DEFAULT '0' COMMENT '订单状态 1:待付款 2:已完成 3:已取消',
  `delivery_type` int(11) DEFAULT '0' COMMENT '接收类型: 1.自提;2.送货上门',
  `close_type` int(11) DEFAULT '5' COMMENT '订单关闭类型:6.超时未支付 7.退款关闭 8.买家取消 5.已通过货到付款交易',
  `is_deleted` int(11) DEFAULT '0',
  `creat_time` datetime DEFAULT CURRENT_TIMESTAMP COMMENT '创建时间',
  `finish_time` datetime DEFAULT NULL COMMENT '完成时间',
  `cancel_time` datetime DEFAULT NULL COMMENT '取消时间',
  `pay_time` datetime DEFAULT NULL COMMENT '支付时间',
  PRIMARY KEY (`id`)
) ENGINE=InnoDB DEFAULT CHARSET=utf8 COLLATE=utf8_unicode_ci COMMENT='订单表';
/*!40101 SET character_set_client = @saved_cs_client */;

--
-- Dumping data for table `orders`
--

LOCK TABLES `orders` WRITE;
/*!40000 ALTER TABLE `orders` DISABLE KEYS */;
INSERT INTO `orders` (`id`, `user_id`, `receiver_name`, `receiver_phone`, `receiver_addr`, `total_amount`, `pay_type`, `order_mark`, `delivery_type`, `close_type`, `is_deleted`, `creat_time`, `finish_time`, `cancel_time`, `pay_time`) VALUES (1517094700630114306,1515988049660518401,'北方人非FFF','12345678901','veg-1.png',11,0,3,1,5,0,'2022-04-21 10:55:38',NULL,'2022-04-21 12:14:32',NULL),(1518608336896913409,1515988049660518401,'很好吃 下次继续点','12345678901','coffe-3.png',91,0,2,1,5,0,'2022-04-25 15:10:17','2022-04-25 15:31:24',NULL,'2022-04-25 15:31:24'),(1521845650495381505,1515988049660518401,'很好 下次别做了','12345678901','veg-6.png',53,0,3,1,5,0,'2022-05-04 13:34:12',NULL,'2022-05-15 07:35:28',NULL),(1525648251078950913,1515988049660518401,'少时诵诗书所','12345678901','veg-1.png',53,0,3,1,5,0,'2022-05-15 01:24:23',NULL,'2022-05-15 07:35:31',NULL),(1525648472294932482,1515988049660518401,'12345678901','12345678901','veg-6.png',46,0,3,1,5,0,'2022-05-15 01:25:16',NULL,'2022-05-15 08:13:14',NULL),(1525649261432258562,1515988049660518401,'12345678901','12345678901','veg-1.png',53,0,2,1,5,0,'2022-05-15 01:28:24','2022-05-15 08:41:49',NULL,'2022-05-15 08:41:49'),(1525762375505870849,1515988049660518401,'12345678901','12345678901','coffe-3.png',46,0,1,1,5,0,'2022-05-15 08:57:53',NULL,NULL,NULL),(1525767624064966658,1515988049660518401,'12345678901','12345678901','veg-1.png',51,0,1,1,5,0,'2022-05-15 09:18:44',NULL,NULL,NULL),(1525771909532098562,1515988049660518401,'12345678901','12345678901','veg-0.png',42,0,3,1,6,0,'2022-05-15 09:35:46',NULL,'2022-05-15 09:36:46',NULL),(1525839855839297538,1515988049660518401,'12345678901','12345678901','veg-1.png',28,0,3,1,6,0,'2022-05-15 14:05:45',NULL,'2022-05-15 14:06:46',NULL),(1525840588378685442,1515988049660518401,'12345678901','12345678901','s-1.png',25,0,3,1,6,0,'2022-05-15 14:08:40',NULL,'2022-05-15 14:09:40',NULL),(1526221147169927169,1515988049660518401,'12345678901','12345678901','veg-1.png',81,0,1,1,5,0,'2022-05-16 15:20:52',NULL,NULL,NULL),(1526541558821593089,1526537995051556866,'15889405530','15889405530','veg-6.png',39,0,3,1,6,0,'2022-05-17 12:34:05',NULL,'2022-05-17 12:35:05',NULL),(1526543573815566338,1526537995051556866,'15889405530','15889405530','coffe-4.png',38,0,3,1,6,0,'2022-05-17 12:42:05',NULL,'2022-05-17 12:43:05',NULL),(1526560752984268802,1526537995051556866,'15889405530','15889405530','coffe-5.png',48,0,3,1,6,0,'2022-05-17 13:50:23',NULL,'2022-05-17 13:51:25',NULL),(1526574475115372546,1526537995051556866,'15889405530','15889405530','coffe-5.png',44,0,2,1,5,0,'2022-05-17 14:44:52','2022-05-17 14:45:11',NULL,'2022-05-17 14:45:11'),(1526747705773248514,1526747586411745281,'13543195357','13543195357','veg-1.png',53,0,2,1,5,0,'2022-05-18 02:13:13','2022-05-18 02:13:57',NULL,'2022-05-18 02:13:57'),(1526748584400244738,1526747586411745281,'实际上是计算机死犟死犟','13543195357','veg-6.png',71,0,2,1,5,0,'2022-05-18 02:16:43','2022-05-18 02:16:45',NULL,'2022-05-18 02:16:45'),(1526749580106964993,1526747586411745281,'实际上思hi红寺湖四hi是是是是','13543195357','veg-6.png',101,0,2,1,5,0,'2022-05-18 02:20:40','2022-05-18 02:20:43',NULL,'2022-05-18 02:20:43'),(1526754922245193730,1526747586411745281,'13543195357','13543195357','veg-1.png',143,0,2,1,5,0,'2022-05-18 02:41:54','2022-05-18 02:41:56',NULL,'2022-05-18 02:41:56'),(1526756091961065474,1526747586411745281,'户数是是是四十年','13543195357','veg-1.png',95,0,2,1,5,0,'2022-05-18 02:46:33','2022-05-18 02:46:35',NULL,'2022-05-18 02:46:35'),(1526757452555534338,1526747586411745281,'额外的无多无多多','13543195357','s-1.png',78,0,2,1,5,0,'2022-05-18 02:51:57','2022-05-18 02:51:59',NULL,'2022-05-18 02:51:59'),(1526757578372071425,1526747586411745281,'无隔断过渡挂是谷歌红寺湖似乎','13543195357','veg-1.png',195,0,2,1,5,0,'2022-05-18 02:52:28','2022-05-18 02:52:29',NULL,'2022-05-18 02:52:29'),(1527103131832410113,1525715235237842946,'好吃，不用多说','18312604195','veg-1.png',67,0,2,1,5,0,'2022-05-19 01:45:34','2022-05-19 01:46:53',NULL,'2022-05-19 01:46:53'),(1527919724202053633,1525715235237842946,'量大满足','18312604195','s-1.png',144,0,2,1,5,0,'2022-05-21 07:50:25','2022-05-21 07:50:26',NULL,'2022-05-21 07:50:26'),(1528292105609302017,1525715235237842946,'可以','18312604195','veg-6.png',286,0,2,1,5,0,'2022-05-22 08:30:07','2022-05-22 08:30:12',NULL,'2022-05-22 08:30:12'),(1528293149462515713,1525715235237842946,'','18312604195','coffe-5.png',23,0,2,1,5,0,'2022-05-22 08:34:16','2022-05-22 08:34:18',NULL,'2022-05-22 08:34:18'),(1528293169930719233,1525715235237842946,'','18312604195','veg-0.png',21,0,2,1,5,0,'2022-05-22 08:34:21','2022-05-22 08:34:22',NULL,'2022-05-22 08:34:22'),(1528293190705106946,1525715235237842946,'','18312604195','coffe-3.png',21,0,2,1,5,0,'2022-05-22 08:34:26','2022-05-22 08:34:27',NULL,'2022-05-22 08:34:27'),(1528293227946332161,1525715235237842946,'','18312604195','coffe-3.png',105,0,2,1,5,0,'2022-05-22 08:34:35','2022-05-22 08:34:36',NULL,'2022-05-22 08:34:36'),(1528293247244324866,1525715235237842946,'','18312604195','coffe-4.png',17,0,2,1,5,0,'2022-05-22 08:34:39','2022-05-22 08:34:40',NULL,'2022-05-22 08:34:40'),(1528714992640086017,1525715235237842946,'','18312604195','s-1.png',46,0,3,1,6,0,'2022-05-23 12:30:31',NULL,'2022-05-23 12:32:31',NULL),(1529711282131849217,1525715235237842946,'','18312604195','coffe-5.png',778,0,3,1,6,0,'2022-05-26 06:29:25',NULL,'2022-05-26 06:31:25',NULL),(1531239520130818049,1525715235237842946,'','18312604195','s-1.png',220,0,2,1,5,0,'2022-05-30 11:42:06','2022-05-30 11:42:12',NULL,'2022-05-30 11:42:12'),(1531240133149319169,1525715235237842946,'','18312604195','veg-6.png',25,0,2,1,5,0,'2022-05-30 11:44:32','2022-05-30 11:44:34',NULL,'2022-05-30 11:44:34'),(1548209977334054914,1515988049660518401,'','12345678901','coffe-4.png',59,0,1,1,5,0,'2022-07-16 07:36:38',NULL,NULL,NULL),(1571406038412169218,1515988049660518401,'','12345678901','veg-6.png',50,0,2,1,5,0,'2022-09-18 07:49:30','2022-09-18 07:49:32',NULL,'2022-09-18 07:49:32');
/*!40000 ALTER TABLE `orders` ENABLE KEYS */;
UNLOCK TABLES;

--
-- Table structure for table `product`
--

DROP TABLE IF EXISTS `product`;
/*!40101 SET @saved_cs_client     = @@character_set_client */;
/*!40101 SET character_set_client = utf8 */;
CREATE TABLE `product` (
  `id` bigint(20) NOT NULL COMMENT 'id',
  `product_name` varchar(255) COLLATE utf8_unicode_ci NOT NULL COMMENT '产品名称',
  `category_id` bigint(20) NOT NULL COMMENT '类型',
  `sold_num` int(11) DEFAULT '100' COMMENT '销量',
  `product_img` varchar(255) COLLATE utf8_unicode_ci DEFAULT NULL COMMENT '图片',
  `sell_price` decimal(10,0) DEFAULT '0' COMMENT '价格',
  `stock` int(11) DEFAULT '100' COMMENT '库存',
  `prop` varchar(255) COLLATE utf8_unicode_ci DEFAULT NULL COMMENT 'json参数',
  `star` decimal(10,0) DEFAULT '4' COMMENT '评分',
  PRIMARY KEY (`id`)
) ENGINE=InnoDB DEFAULT CHARSET=utf8 COLLATE=utf8_unicode_ci COMMENT='产品';
/*!40101 SET character_set_client = @saved_cs_client */;

--
-- Dumping data for table `product`
--

LOCK TABLES `product` WRITE;
/*!40000 ALTER TABLE `product` DISABLE KEYS */;
INSERT INTO `product` (`id`, `product_name`, `category_id`, `sold_num`, `product_img`, `sell_price`, `stock`, `prop`, `star`) VALUES (1125996713157194750,'薯条鸡翅',1515994016979562500,100,'veg-2.png',14,100,NULL,4),(1215996713157194750,'土豆泥',1515994016979562500,100,'veg-0.png',21,70,NULL,4),(1512396713157194750,'果子拼盘',1515994233686618110,100,'s-1.png',25,89,NULL,4),(1515923713157194750,'汉堡薯条圣代',1515994016979562500,100,'veg-4.png',16,100,NULL,4),(1515995461157194750,'卡布奇诺',1515994386602622980,100,'coffe-5.png',23,82,NULL,4),(1515996451157194750,'焦糖咖啡',1515994386602622980,100,'coffe-2.png',15,99,NULL,4),(1515996711152494850,'黑蒸煮咖啡',1515994386602622980,100,'coffe-3.png',21,79,NULL,4),(1515996711157194750,'水果沙拉拼盘',1515994016979562500,0,'veg-1.png',11,99,NULL,4),(1515996711157564670,'浓缩咖啡',1515994386602622980,100,'coffe-4.png',17,88,NULL,4),(1515996713112194820,'橙汁',1515994233686618110,100,'s-2.png',16,93,NULL,4),(1515996713155435780,'麻花',1515994016979562500,100,'z-1.png',13,100,NULL,4),(1515996713157123840,'椰汁',1515994233686618110,100,'s-3.png',14,99,NULL,4),(1515996713157192450,'牛排套餐',1515994016979562500,100,'veg-1.png',28,79,NULL,4),(1515996713157194750,'雪顶咖啡',1515994386602622980,100,'coffe-1.png',14,97,NULL,4),(1515996713234594820,'鱼丸拼盘',1515994016979562500,100,'veg-7.png',14,100,NULL,4),(3215996713157194800,'薯条芝士肉卷',1515994016979562500,100,'veg-5.png',16,100,NULL,4),(4315996713157194800,'紫薯面包套餐',1515994016979562500,100,'veg-3.png',19,96,NULL,4),(5415996713157194800,'薯条鸡肉粒套餐',1515994016979562500,100,'veg-6.png',25,79,NULL,4);
/*!40000 ALTER TABLE `product` ENABLE KEYS */;
UNLOCK TABLES;

--
-- Table structure for table `shopping_cart`
--

DROP TABLE IF EXISTS `shopping_cart`;
/*!40101 SET @saved_cs_client     = @@character_set_client */;
/*!40101 SET character_set_client = utf8 */;
CREATE TABLE `shopping_cart` (
  `id` bigint(20) NOT NULL,
  `product_id` bigint(20) NOT NULL COMMENT '产品id',
  `product_price` decimal(10,0) DEFAULT NULL COMMENT '产品价格',
  `user_id` bigint(20) NOT NULL COMMENT '用户id',
  `cart_num` int(11) NOT NULL COMMENT '数量',
  PRIMARY KEY (`id`)
) ENGINE=InnoDB DEFAULT CHARSET=utf8 COLLATE=utf8_unicode_ci COMMENT='购物车';
/*!40101 SET character_set_client = @saved_cs_client */;

--
-- Dumping data for table `shopping_cart`
--

LOCK TABLES `shopping_cart` WRITE;
/*!40000 ALTER TABLE `shopping_cart` DISABLE KEYS */;
INSERT INTO `shopping_cart` (`id`, `product_id`, `product_price`, `user_id`, `cart_num`) VALUES (1548205638561468417,1515996711157564753,NULL,1525715235237842946,1),(1548205654134919169,4315996713157194753,NULL,1525715235237842946,1);
/*!40000 ALTER TABLE `shopping_cart` ENABLE KEYS */;
UNLOCK TABLES;

--
-- Table structure for table `users`
--

DROP TABLE IF EXISTS `users`;
/*!40101 SET @saved_cs_client     = @@character_set_client */;
/*!40101 SET character_set_client = utf8 */;
CREATE TABLE `users` (
  `id` bigint(20) NOT NULL COMMENT 'id',
  `username` varchar(255) COLLATE utf8_unicode_ci NOT NULL COMMENT '用户名',
  `password` varchar(255) COLLATE utf8_unicode_ci DEFAULT NULL COMMENT '密码',
  `money` decimal(10,0) NOT NULL COMMENT '实际价格',
  `collect` varchar(255) COLLATE utf8_unicode_ci DEFAULT '[]' COMMENT '收藏菜品',
  `img` varchar(255) COLLATE utf8_unicode_ci DEFAULT NULL COMMENT '头像',
  `is_deleted` int(11) DEFAULT '0' COMMENT '逻辑删除',
  `email` varchar(255) COLLATE utf8_unicode_ci DEFAULT NULL COMMENT '邮箱',
  PRIMARY KEY (`id`),
  UNIQUE KEY `users_username_uindex` (`username`)
) ENGINE=InnoDB DEFAULT CHARSET=utf8 COLLATE=utf8_unicode_ci COMMENT='用户表';
/*!40101 SET character_set_client = @saved_cs_client */;

--
-- Dumping data for table `users`
--

LOCK TABLES `users` WRITE;
/*!40000 ALTER TABLE `users` DISABLE KEYS */;
INSERT INTO `users` (`id`, `username`, `password`, `money`, `collect`, `img`, `is_deleted`, `email`) VALUES (1515988049660518401,'12345678901','MDAwMDAw',5001,'[]',NULL,0,NULL),(1519933373770493953,'11111111111','MTEx',0,'[]',NULL,0,NULL),(1526224034397655042,'123333333','MTIzNDU2N2E=',0,'[]',NULL,0,'724620505@qq.com'),(1526747586411745281,'13543195357','YzEzNTQzMTk1MzU3',4264,'[]',NULL,0,'724419990@qq.com'),(1528646147818659842,'13418765432','aGdoMTIzNA==',0,'[]',NULL,0,'844771737@qq.com'),(1564816992160366593,'12345612345',NULL,100,'','',0,'');
/*!40000 ALTER TABLE `users` ENABLE KEYS */;
UNLOCK TABLES;
/*!40103 SET TIME_ZONE=@OLD_TIME_ZONE */;

/*!40101 SET SQL_MODE=@OLD_SQL_MODE */;
/*!40014 SET FOREIGN_KEY_CHECKS=@OLD_FOREIGN_KEY_CHECKS */;
/*!40014 SET UNIQUE_CHECKS=@OLD_UNIQUE_CHECKS */;
/*!40101 SET CHARACTER_SET_CLIENT=@OLD_CHARACTER_SET_CLIENT */;
/*!40101 SET CHARACTER_SET_RESULTS=@OLD_CHARACTER_SET_RESULTS */;
/*!40101 SET COLLATION_CONNECTION=@OLD_COLLATION_CONNECTION */;
/*!40111 SET SQL_NOTES=@OLD_SQL_NOTES */;

-- Dump completed on 2022-09-18 16:49:47
